1835009/2026142;Ford
1581510/1590835/1671;Ford
48131-60≈60;Toyota
1749322/1676630;Ford
1676630/1749322;Ford
MTMR0527312;Mitsubishi
58441-0E011;Toyota
13780-73 ¿Œ;Suzuki
69217-60120-B1;Toyota
22401-BH315;Nissan
963229320;GENERAL MOTORS
5055443/5351645;Ford
5184331AC;Jeep
1233496;Ford
1726580;Ford
1507372;Ford
1673990;Ford
71711-54G00-799;Suzuki
1924390;Ford
1672995;Ford
2K08072177G9;VAG
1894033;Ford
1508112;Ford
1355950;Ford
;
4770691;Ford
4097368;Ford
5292808;Ford
1716444;Ford
88501-26211;Toyota
ZL0118100B;Mazda
72450SX0013;Honda
1481213;Ford
1429355;Ford
1332453;Ford
88707-33040;Toyota
4662410;Ford
1477441;Ford
1759667;Ford
69201-60040;Toyota
4410264;Ford
5295832;Ford
PZ464-00422-BC;Toyota
1208556;Ford
DB5Z-18124-M;Ford
1497839;Ford
1327549;Ford
5115971;Ford
1518178;Ford
1619369;Ford
1704257;Ford
1676323;Ford
1754070;Ford
69210-60100-B1;Toyota
5162156;Ford
1368558;Ford
1521285;Ford
1512406;Ford
1679917;Ford
4387371;Ford
6994135;Ford
1753551;Ford
1376164;Ford
1720485;Ford
1508111;Ford
CB5Z-5A638-A;Ford
1769046;Ford
1493602;Ford
17801-30080;Toyota
1911169;Ford
5242632;Ford
1387849;Ford
35330-73021;Toyota
1538348;Ford
1074282;Ford
16100-09501;Toyota
AA5Z-6714-A;Ford
1734696;Ford
1431178;Ford
1354250;Ford
1456980;Ford
04465-60280;Toyota
A9013331227;Mercedes
1737303;Ford
45209-26050;Toyota
5158132;Ford
1676324;Ford
RW4NP-60110;Toyota
4810204;Ford
17801-30040;Toyota
16100-59276;Toyota
EV95500F1A;Ford
1759370;Ford
5M08075219B9;VAG
2128722;Ford
1315691;Ford
58101-4HA00;Hyundai-Kia
90919-01233;Toyota
04479-48150;Toyota
04465-50250;Toyota
GB5Z-2001A;Ford
1505812;Ford
17801-28030;Toyota
5N0945094B;VAG
A6111800210;Mercedes
1824347;Ford
5147705;Ford
1473946;Ford
90919-01191;Toyota
2052820;Ford
1713180;Ford
1088179;Ford
5114407;Ford
45503-12131;Toyota
17801-0C020;Toyota
1446322;Ford
1546747;Ford
1811464;Ford
1605792;Ford
04465-02391;Toyota
1705774;Ford
1056902;Ford
35330-28010;Toyota
1360254;Ford
1717510;Ford
13568-59095;Toyota
1720612;Ford
1809458;Ford
1788734;Ford
1608747480;Peugeot-Citroen
1528769;Ford
4826701;Ford
5161442;Ford
04465-0K020;Toyota
1930091;Ford
1488311;Ford
1526756;Ford
1730232;Ford
7H0698451;VAG
1424802;Ford
1495287;Ford
1851900;Ford
08887-83010;Toyota
1809259;Ford
1556082;Ford
1369704;Ford
04466-60120;Toyota
5215216;Ford
1824346;Ford
1815863;Ford
90915-YZZJ4;Toyota
16546-73C10;Nissan
77024-33180;Toyota
1319178;Ford
68141-60070;Toyota
35330-73010;Toyota
04152-YZZA6;Toyota
1741635;Ford
1678260;Ford
48815-42111;Toyota
48815-60400;Toyota
90915-YZZJ2;Toyota
04465-YZZE8;Toyota
2141744;Ford
1840037;Ford
22401-ZE01B;Nissan
90389-T0009;Toyota
1900519;Ford
04465-60320;Toyota
53851-0K070;Toyota
90915-YZZJ1;Toyota
1343681;Ford
39210-23750;Hyundai-Kia
1473807;Ford
4118373;Ford
1343102;Ford
1530207;Ford
1038216;Ford
4189236;Ford
PZ462-00201-02;Toyota
7403800;Ford
48818-60060;Toyota
4679068;Ford
04C905616D;VAG
1369703;Ford
04152-YZZA4;Toyota
1823388;Ford
1501839;Ford
17801-30070;Toyota
1421704;Ford
1474279;Ford
1427353;Ford
1848220;Ford
1089731;Ford
1530847;Ford
1142817;Ford
1479524;Ford
88568-60010;Toyota
1473058;Ford
1079561;Ford
17801-31131;Toyota
17801-20040;Toyota
1111530031A0;Toyota
90913-02071;Toyota
CYFS 12YT3;Ford
04437-60090;Toyota
2006028;Ford
1421435;Ford
1433372;Ford
1580478;Ford
1357461;Ford
5216242;Ford
04466-28080;Toyota
55200-65D31;Suzuki
89746-60010;Toyota
1679376;Ford
90919-01164;Toyota
2006029;Ford
1820037;Ford
1376100;Ford
1054209;Ford
CYFS 12F5;Ford
5030185;Ford
1871299;Ford
87139-YZZ16;Toyota
35330-60070;Toyota
1748480;Ford
04465-YZZDR;Toyota
1126532;Ford
DG1Z-5421812-A;Ford
1741459;Ford
5007396;Ford
1783849;Ford
9G111680700;Porsche
1680032;Ford
1760376;Ford
8U2Z-17528-A;Ford
1213178;Ford
1679384;Ford
1388626;Ford
86077-60010-C1;Toyota
77024-48040;Toyota
078109487C;VAG
1697071;Ford
W717859-S439;Ford
48818-60010;Toyota
5112231;Ford
6Q0201051J;VAG
FB5Z-18183-A;Ford
4513665;Ford
1544517;Ford
1236882;Ford
1843766;Ford
1755018;Ford
41060-95F0A;Nissan
33220-76G02;Suzuki
13505-50030;Toyota
22401-EW61C;Nissan
1516739;Ford
1465253;Ford
90919-01247;Toyota
1521116;Ford
1529485;Ford
1444106;Ford
51795-60110;Toyota
W716076-S300;Ford
1355851;Ford
1544505;Ford
1708274;Ford
1121106;Ford
1346034;Ford
13540-67020;Toyota
90915-10002;Toyota
23390-YZZA4;Toyota
13503-50011;Toyota
13505-67041;Toyota
90919-01210;Toyota
4727101;Ford
90363-40066;Toyota
35168-73010;Toyota
90915-YZZD4;Toyota
48815-42121;Toyota
PZ462-X2200-00;Toyota
1785480;Ford
4627180;Ford
47715-22010;Toyota
4576608;Ford
1487402;Ford
1776502;Ford
04465-28510;Toyota
1232496;Ford
68172-60080;Toyota
1709059;Ford
1319177;Ford
1718237;Ford
5182117;Ford
1755074;Ford
1471980;Ford
1758593;Ford
1073486;Ford
1751031;Ford
48815-60221;Toyota
1675915;Ford
5072891;Ford
1387264;Ford
04465-42160;Toyota
6503553;Ford
1550219;Ford
1719505;Ford
T116302530;Chery
1521263;Ford
1075565;Ford
1835511;Ford
1907038;Ford
35330-60060;Toyota
1737303;Ford
1471971;Ford
04465-YZZ51;Toyota
04152-YZZA1;Toyota
1335777080;Fiat
23300-50150;Toyota
90916-02513;Toyota
473494D000;Hyundai-Kia
04479-20170;Toyota
1880424;Ford
63217-60050;Toyota
99366-H1690;Toyota
5306998;Ford
1520851;Ford
BB5Z-5K483-A;Ford
1695278;Ford
1814315;Ford
48341-12180;Toyota
1755017;Ford
DG1Z-5K484-A;Ford
15620-36020;Toyota
96373 - JY01A;Renault
1760803;Ford
W713968-S440;Ford
4035908;Ford
1404793;Ford
2184693;Ford
90316-83001;Toyota
1725552;Ford
4679068;Ford
16603-23011;Toyota
1500A608;Mitsubishi
35330-60030;Toyota
13570-22010;Toyota
52156-02070;Toyota
101905601F;VAG
41653-60030;Toyota
1471995;Ford
1322232;Ford
1061668;Ford
1713375;Ford
69205-33040-B1;Toyota
1501841;Ford
1485145;Ford
90310-63001;Toyota
1715194;Ford
13568-39016;Toyota
48849-60040;Toyota
1770A337;Mitsubishi
87139-0K070;Toyota
90916-02510;Toyota
DA8Z-5484-B;Ford
4334875;Ford
04465-33210;Toyota
54321-BC40A;Nissan
1321128;Ford
1140129;Ford
1315687;Ford
1384149;Ford
90311-71002;Toyota
17451-20010;Toyota
1782809;Ford
1075555;Ford
1681988;Ford
85222-60211;Toyota
93740495;GENERAL MOTORS
8218XK;Peugeot-Citroen
1812679;Ford
1656884;Ford
67403-60100;Toyota
3819184;Ford
87139-07010;Toyota
1305960;Ford
2184696;Ford
1345739;Ford
72996-12320-C0;Toyota
B727A-79925;Nissan
4533294;Ford
85242-60110;Toyota
7403802;Ford
1381967;Ford
04478-60070;Toyota
1763714;Ford
1848542;Ford
1322233;Ford
1448187;Ford
85212-60171;Toyota
17801-38011;Toyota
1345444;Ford
54830-4H200;Hyundai-Kia
87139-YZZ19;Toyota
17801-0L040;Toyota
48815-60380;Toyota
1791350;Ford
63444-35010;Toyota
1057134;Ford
90919-01235;Toyota
1320900;Ford
1318563;Ford
D1060-JN00A;Nissan
1377973;Ford
4119959;Ford
04466-60140;Toyota
48815-0K010;Toyota
52387-S7A-000;Honda
6518101;Ford
42423-34040;Toyota
35178-30010;Toyota
1473942;Ford
04466-12150;Toyota
17173-20030;Toyota 
1382597;Ford
1539719;Ford
90311-47022;Toyota
1449182;Ford
1322152;Ford
17801-17010;Toyota
1493810;Ford
69321-48030;Toyota
23291-46010;Toyota
3819188;Ford
GY0113111;Mazda
48409-48020;Toyota
54840-4H200;Hyundai-Kia
04152-YZZA5;Toyota
48817-12H01;Toyota
52155-42011;Toyota
1683453;Ford
48818-48021;Toyota
1557104;Ford
DG1Z-7H398-A;Ford
23675;Peugeot-Citroen
17451-31020;Toyota
1132608;Ford
90311-47037;Toyota
94563602;GENERAL MOTORS
23826-20080;Toyota
1306252;Ford
1306252;Ford
1105883;Ford
35330-06010;Toyota
1347289;Ford
1371764;Ford
67831-60160;Toyota
BB5Z-78551A46-AA;Ford
1149131;Ford
90304-T0001;Toyota
04465-35290;Toyota
GB5Z-5K484-A;Ford
04466-33200;Toyota
EB5Z-5A231-A;Ford
7803A112;Mitsubishi
27277-CL025;Nissan
48818-42020;Toyota
1119253;Ford
7403799;Ford
55136-0M000;Nissan
1687436;Ford
W520215-S440;Ford
1358572;Ford
1377206;Ford
69750-60030;Toyota
1447853;Ford
1667955;Ford
1309484;Ford
451M-1106010;”‡Á
52562-42031;Toyota
04152-YZZA3;Toyota
48815-33101;Toyota
W715051-S439;Ford
1552057;Ford
MB160662;Mitsubishi
11193-76020;Toyota
1729854;Ford
48849-60160;Toyota
85222-53071;Toyota
3818838;Ford
48818-33101;Toyota
16546-74S00;Nissan
1019377;Ford
69710-60020;Toyota
17801-0D011;Toyota
48815-30330;Toyota
23291-0J020;Toyota
61648-33040;Toyota
90316-37001;Toyota
1685720;Ford
1775866;Ford
1382746;Ford
1754585;Ford
1311796;Ford
4645696;Ford
1311152;Ford
90301-07024;Toyota
87948-60D50;Toyota
90387-10175;Toyota
90109-10054;Toyota
17801-31141;Toyota
1020193;Ford
48815-60121;Toyota
1515014;Ford
1608940680;Peugeot-Citroen
1576434;Ford
5060748;Ford
52563-42011;Toyota
16604-31010;Toyota
85242-60050;Toyota
2037668;Ford
4508467;Ford
72157-60130-B0;Toyota
1701514;Ford
32707-2Y000;Nissan
35168-60010;Toyota
1366640;Ford
90311-41013;Toyota
1387184;Ford
87139-YZZ07;Toyota
04479-60030;Toyota
52128-60080;Toyota
17801-0D060;Toyota
90917-06090;Toyota
1748632;Ford
90310-50006;Toyota
48815-60350;Toyota
85044-60180-A0;Toyota
1013800;Ford
17801-50030;Toyota
17801-31120;Toyota
48409-42030;Toyota
1381966;Ford
5252579;Ford
1474008;Ford
17801-31090;Toyota
1428547;Ford
1377452;Ford
90942-01082;Toyota
1582A035;Mitsubishi
04466-48090;Toyota
1745686;Ford
4536675;Ford
1305329;Ford
1517518;Ford
5265306;Ford
90311-92008;Toyota
1068975;Ford
1386608;Ford
90311-41014;Toyota
1693931;Ford
4642400;Ford
17176-20020;Toyota 
88568-52010-83;Toyota
85242-30040;Toyota
1606267580;Peugeot-Citroen
90913-02112;Toyota
90913-02101;Toyota
88568-52010;Toyota
90311-42047;Toyota
1331076;Ford
1339474080;Fiat
90210-07001;Toyota
1476194;Ford
1426327;Ford
DA8Z-5484-A;Ford
1729416;Ford
90942-02049;Toyota
6R0820367;VAG
04E115561H;VAG
90311-43006;Toyota
6479A2;Peugeot-Citroen
1826077;Ford
1521114;Ford
96341421;GENERAL MOTORS
1138392;Ford
67491-60090;Toyota
1524764;Ford
MU000390;Mitsubishi
1725892;Ford
4907723;Ford
1513401;Ford
1575A082;Mitsubishi
90311-48009;Toyota
W714516S439;Ford
48815-42090;Toyota
90915-30002-8T;Toyota
1712548;Ford
1694449;Ford
1708460;Ford
90430-24003;Toyota
51775-60100;Toyota
1496991;Ford
90919-01217;Toyota
1591031;Ford
4762653;Ford
1725114;Ford
67218-03009;Ssang Yong
1514097;Ford
W708733-S439;Ford
90313-54001;Toyota
1704081;Ford
1382653;Ford
1129147;Ford
2050957;Ford
90301-07033;Toyota
W520213-S440;Ford
1013938;Ford
1805434;Ford
1479645;Ford
4432082;Ford
5272442;Ford
17171-51010;Toyota 
17179-51010;Toyota 
35330-60050;Toyota
1660278;Ford
1581167;Ford
27891-00Q0B;Nissan
4560572;Ford
4381718;Ford
48815-48070;Toyota
87128-42010;Toyota
90560-10275;Toyota
90311-70007;Toyota
1748361;Ford
04E129620A;VAG
1747279;Ford
1535894;Ford
17801-28010;Toyota
90301-27010;Toyota
W715419-S439;Ford
5297670;Ford
4571209000;Ssang Yong
5359543;Ford
1322310;Ford
64813-52010;Toyota
7403801;Ford
1510256;Ford
4023506;Ford
90430-12031;Toyota
47121-14010;Toyota
1257376;Ford
MR161679;Mitsubishi
23390-51070;Toyota
72714-1LA0A;Nissan
4350804;Ford
1474018;Ford
90311-43008;Toyota
5297669;Ford
1751561;Ford
90105-W0051;Toyota
1382573;Ford
90105-08448;Toyota
90385-T0009;Toyota
1358571;Ford
5264089;Ford
17116-51010;Toyota
1471745;Ford
4418456;Ford
75547-51021;Toyota
22271-38010;Toyota 
1320916;Ford
03C115561H;VAG
90109-06330;Toyota
1444098;Ford
99364-30880;Toyota
1708457;Ford
5211024;Ford
036129620J;VAG
BC1F-28-473A;Mazda
A5208-H890C;Nissan
90942-01033;Toyota
1382628;Ford
1763294;Ford
90311-35064;Toyota
4052474;Ford
1381966;Ford
15208-65F0E;Nissan
90311-43007;Toyota
90385-19007;Toyota
3596218;Ford
1470853;Ford
35168-21020;Toyota
4350806;Ford
48849-60010;Toyota
5176215;Ford
6756321;Ford
25187787;GENERAL MOTORS
90105-06260;Toyota
90301-32010;Toyota
96962173;GENERAL MOTORS
1715193;Ford
1707323;Ford
W717859-S439;Ford
15208-H8911;Nissan
90311-32025;Toyota
1319739;Ford
55220-2H000;Hyundai-Kia
1686394;Ford
PZ408-00550-12;Toyota
47717-33080;Toyota
1537149;Ford
90301-31014;Toyota
4041979;Ford
90467-08188;Toyota
1787829;Ford
90467-08186-C0;Toyota
1100541;Ford
24436646;Opel
90311-47013;Toyota
6R0820367;VAG
89348-33090;Toyota
90178-28002;Toyota
2050967;Ford
24436644;Opel
48815-10090;Toyota
28113-2S000;Hyundai-Kia
W520215-S440;Ford
90168-50040;Toyota
90148-80066;Toyota
48815-42100;Toyota
1765356;Ford
4147435;Ford
23291-22010;Toyota
1582A039;Mitsubishi
17801-22020;Toyota
1345740;Ford
1473559;Ford
90313-T0002;Toyota
16341-38030;Toyota
90385-11021;Toyota
1681381;Ford
1449533;Ford
1444VH;Peugeot-Citroen
1676176;Ford
52127-26110-A0;Toyota
4558404;Ford
1693930;Ford
W714033-S439;Ford
17801-37021;Toyota
4607931;Ford
90189-06227;Toyota
16546-30P00;Nissan
90210-08020;Toyota
1765206;Ford
1765205;Ford
5060761;Ford
1420580;Ford
N10424903;VAG
3600377;Ford
1521283;Ford
90311-38083;Toyota
1085270;Ford
1712907;Ford
26300-35504;Hyundai-Kia
W520516-S441;Ford
1666159;Ford
96264738;GENERAL MOTORS
1096830;Ford
1316608;Ford
25685-51010;Toyota
1404957;Ford
52356-60050;Toyota
1211807;Ford
1542515;Ford
48815-20060;Toyota
1329570;Ford
1381969;Ford
96325689;GENERAL MOTORS
1475989;Ford
90915-YZZD2;Toyota
85284-JD00A;Nissan
4797516;Ford
27416-0W050;Toyota
25627-26020;Toyota
1727043;Ford
1471998;Ford
25628-51010;Toyota
1382574;Ford
W505415-S900;Ford
15208-9F60A;Nissan
N0138157;VAG
16346-67010;Toyota
MU431006;Mitsubishi
90430-18031;Toyota
4106338;Ford
90269-06017;Toyota
53792-52D00;Suzuki
1436490;Ford
90311-35040;Toyota
N10424905;VAG
N10424902;VAG
7100200;Ford
T11-1109111;Chery
55044-4M410;Nissan
90214-42030;Toyota
1718447;Ford
4858375;Ford
MB160946;Mitsubishi
1428647;Ford
90480-13005;Toyota
90312-23001;Toyota
997961040;Mazda
6094824;Ford
1528561;Ford
W714265-S441;Ford
96178575;GENERAL MOTORS
1026679;Ford
6880573;Ford
1060318;Ford
5206816;Ford
1388626;Ford
W500121-S439;Ford
6757649;Ford
90119-10380;Toyota
90467-09227;Toyota
5123536;Ford
1534136;Ford
4836392;Ford
90467-07217;Toyota
1385686;Ford
1387185;Ford
W500131-S437;Ford
1479613;Ford
69242-60060;Toyota
90541-15019;Toyota
1134716;Ford
08967-1065A;Nissan
53824-65D00;Suzuki
1615517;Ford
90982-09021;Toyota
1382602;Ford
W716182-S439;Ford
90982-08228;Toyota
W710999-S439;Ford
7147122912;BMW
6113436;Ford
W712961-S439;Ford
90159-40202;Toyota
90119-W0019;Toyota
1829079;Ford
90982-09012;Toyota
1427709;Ford
170936;Peugeot-Citroen
90520-T0033;Toyota
N10424904;VAG
1355948;Ford
4078783;Ford
90240-06024;Toyota
1473460;Ford
1444109;Ford
1406293;Ford
7147122913;BMW
1029131;Ford
23291-41010;Toyota
90982-09009;Toyota
90520-41019;Toyota
1425965;Ford
90430-18008;Toyota
90467-19021;Toyota
1382760;Ford
90982-08257;Toyota
91674-80818;Toyota
90099-14120;Toyota
T11-8107910;Chery
1490222;Ford
1591029;Ford
90099-14121;Toyota
90168-40129;Toyota
75498-60050;Toyota
1444240;Ford
1608146;Ford
N90316801;VAG
90301-07037;Toyota
1042065;Ford
90982-09007;Toyota
31338;Peugeot-Citroen
6175265;Ford
1332661;Ford
1474938;Ford
91641-C0614;Toyota
1386690;Ford
25634-51010;Toyota
90099-14119;Toyota
90982-09022;Toyota
1381945;Ford
5114405;Ford
09168-14015;Suzuki
47769-50010;Toyota
11026-01M02;Nissan
6717617;Ford
1471967;Ford
96178576;GENERAL MOTORS
90982-09020;Toyota
1668733;Ford
1591032;Ford
1670811;Ford
5012235;Ford
75495-35010;Toyota
12493-05207E;Hyundai-Kia
1508163;Ford
90982-09025;Toyota
1462015;Ford
90467-07166;Toyota
85284-7S610;Nissan
90982-09013;Toyota
90467-05090-B1;Toyota
90189-06065;Toyota
1375631;Ford
